Path,Problem,Format,Dataset,Vertex number,Item number per city,Item number,Time limit,Best known solution value,Best known bound
thieforienteering/santos2018/eil51-thop/eil51_01_bsc_01_01.thop,thieforienteering,santos2018,santos2018,51,1,51,6,5554,
thieforienteering/santos2018/eil51-thop/eil51_01_bsc_01_02.thop,thieforienteering,santos2018,santos2018,51,1,51,6,6371,
thieforienteering/santos2018/eil51-thop/eil51_01_bsc_01_03.thop,thieforienteering,santos2018,santos2018,51,1,51,6,6825,
thieforienteering/santos2018/eil51-thop/eil51_01_bsc_05_01.thop,thieforienteering,santos2018,santos2018,51,1,51,6,19413,
thieforienteering/santos2018/eil51-thop/eil51_01_bsc_05_02.thop,thieforienteering,santos2018,santos2018,51,1,51,6,22675,
thieforienteering/santos2018/eil51-thop/eil51_01_bsc_05_03.thop,thieforienteering,santos2018,santos2018,51,1,51,6,24684,
thieforienteering/santos2018/eil51-thop/eil51_01_bsc_10_01.thop,thieforienteering,santos2018,santos2018,51,1,51,6,31087,
thieforienteering/santos2018/eil51-thop/eil51_01_bsc_10_02.thop,thieforienteering,santos2018,santos2018,51,1,51,6,38556,
thieforienteering/santos2018/eil51-thop/eil51_01_bsc_10_03.thop,thieforienteering,santos2018,santos2018,51,1,51,6,43503,
thieforienteering/santos2018/eil51-thop/eil51_01_unc_01_01.thop,thieforienteering,santos2018,santos2018,51,1,51,6,6242,
thieforienteering/santos2018/eil51-thop/eil51_01_unc_01_02.thop,thieforienteering,santos2018,santos2018,51,1,51,6,7405,
thieforienteering/santos2018/eil51-thop/eil51_01_unc_01_03.thop,thieforienteering,santos2018,santos2018,51,1,51,6,7986,
thieforienteering/santos2018/eil51-thop/eil51_01_unc_05_01.thop,thieforienteering,santos2018,santos2018,51,1,51,6,11825,
thieforienteering/santos2018/eil51-thop/eil51_01_unc_05_02.thop,thieforienteering,santos2018,santos2018,51,1,51,6,15294,
thieforienteering/santos2018/eil51-thop/eil51_01_unc_05_03.thop,thieforienteering,santos2018,santos2018,51,1,51,6,17419,
thieforienteering/santos2018/eil51-thop/eil51_01_unc_10_01.thop,thieforienteering,santos2018,santos2018,51,1,51,6,14950,
thieforienteering/santos2018/eil51-thop/eil51_01_unc_10_02.thop,thieforienteering,santos2018,santos2018,51,1,51,6,19592,
thieforienteering/santos2018/eil51-thop/eil51_01_unc_10_03.thop,thieforienteering,santos2018,santos2018,51,1,51,6,21265,
thieforienteering/santos2018/eil51-thop/eil51_01_usw_01_01.thop,thieforienteering,santos2018,santos2018,51,1,51,6,2425,
thieforienteering/santos2018/eil51-thop/eil51_01_usw_01_02.thop,thieforienteering,santos2018,santos2018,51,1,51,6,3023,
thieforienteering/santos2018/eil51-thop/eil51_01_usw_01_03.thop,thieforienteering,santos2018,santos2018,51,1,51,6,3425,
thieforienteering/santos2018/eil51-thop/eil51_01_usw_05_01.thop,thieforienteering,santos2018,santos2018,51,1,51,6,10550,
thieforienteering/santos2018/eil51-thop/eil51_01_usw_05_02.thop,thieforienteering,santos2018,santos2018,51,1,51,6,13102,
thieforienteering/santos2018/eil51-thop/eil51_01_usw_05_03.thop,thieforienteering,santos2018,santos2018,51,1,51,6,15121,
thieforienteering/santos2018/eil51-thop/eil51_01_usw_10_01.thop,thieforienteering,santos2018,santos2018,51,1,51,6,14650,
thieforienteering/santos2018/eil51-thop/eil51_01_usw_10_02.thop,thieforienteering,santos2018,santos2018,51,1,51,6,19259,
thieforienteering/santos2018/eil51-thop/eil51_01_usw_10_03.thop,thieforienteering,santos2018,santos2018,51,1,51,6,21558,
thieforienteering/santos2018/eil51-thop/eil51_03_bsc_01_01.thop,thieforienteering,santos2018,santos2018,51,3,153,16,17427,
thieforienteering/santos2018/eil51-thop/eil51_03_bsc_01_02.thop,thieforienteering,santos2018,santos2018,51,3,153,16,18630,
thieforienteering/santos2018/eil51-thop/eil51_03_bsc_01_03.thop,thieforienteering,santos2018,santos2018,51,3,153,16,19426,
thieforienteering/santos2018/eil51-thop/eil51_03_bsc_05_01.thop,thieforienteering,santos2018,santos2018,51,3,153,16,67210,
thieforienteering/santos2018/eil51-thop/eil51_03_bsc_05_02.thop,thieforienteering,santos2018,santos2018,51,3,153,16,74448,
thieforienteering/santos2018/eil51-thop/eil51_03_bsc_05_03.thop,thieforienteering,santos2018,santos2018,51,3,153,16,78035,
thieforienteering/santos2018/eil51-thop/eil51_03_bsc_10_01.thop,thieforienteering,santos2018,santos2018,51,3,153,16,95491,
thieforienteering/santos2018/eil51-thop/eil51_03_bsc_10_02.thop,thieforienteering,santos2018,santos2018,51,3,153,16,118408,
thieforienteering/santos2018/eil51-thop/eil51_03_bsc_10_03.thop,thieforienteering,santos2018,santos2018,51,3,153,16,134111,
thieforienteering/santos2018/eil51-thop/eil51_03_unc_01_01.thop,thieforienteering,santos2018,santos2018,51,3,153,16,16565,
thieforienteering/santos2018/eil51-thop/eil51_03_unc_01_02.thop,thieforienteering,santos2018,santos2018,51,3,153,16,19698,
thieforienteering/santos2018/eil51-thop/eil51_03_unc_01_03.thop,thieforienteering,santos2018,santos2018,51,3,153,16,21824,
thieforienteering/santos2018/eil51-thop/eil51_03_unc_05_01.thop,thieforienteering,santos2018,santos2018,51,3,153,16,31820,
thieforienteering/santos2018/eil51-thop/eil51_03_unc_05_02.thop,thieforienteering,santos2018,santos2018,51,3,153,16,39580,
thieforienteering/santos2018/eil51-thop/eil51_03_unc_05_03.thop,thieforienteering,santos2018,santos2018,51,3,153,16,46488,
thieforienteering/santos2018/eil51-thop/eil51_03_unc_10_01.thop,thieforienteering,santos2018,santos2018,51,3,153,16,39875,
thieforienteering/santos2018/eil51-thop/eil51_03_unc_10_02.thop,thieforienteering,santos2018,santos2018,51,3,153,16,52379,
thieforienteering/santos2018/eil51-thop/eil51_03_unc_10_03.thop,thieforienteering,santos2018,santos2018,51,3,153,16,61972,
thieforienteering/santos2018/eil51-thop/eil51_03_usw_01_01.thop,thieforienteering,santos2018,santos2018,51,3,153,16,9333,
thieforienteering/santos2018/eil51-thop/eil51_03_usw_01_02.thop,thieforienteering,santos2018,santos2018,51,3,153,16,10585,
thieforienteering/santos2018/eil51-thop/eil51_03_usw_01_03.thop,thieforienteering,santos2018,santos2018,51,3,153,16,11456,
thieforienteering/santos2018/eil51-thop/eil51_03_usw_05_01.thop,thieforienteering,santos2018,santos2018,51,3,153,16,34202,
thieforienteering/santos2018/eil51-thop/eil51_03_usw_05_02.thop,thieforienteering,santos2018,santos2018,51,3,153,16,40748,
thieforienteering/santos2018/eil51-thop/eil51_03_usw_05_03.thop,thieforienteering,santos2018,santos2018,51,3,153,16,46591,
thieforienteering/santos2018/eil51-thop/eil51_03_usw_10_01.thop,thieforienteering,santos2018,santos2018,51,3,153,16,43701,
thieforienteering/santos2018/eil51-thop/eil51_03_usw_10_02.thop,thieforienteering,santos2018,santos2018,51,3,153,16,55717,
thieforienteering/santos2018/eil51-thop/eil51_03_usw_10_03.thop,thieforienteering,santos2018,santos2018,51,3,153,16,66910,
thieforienteering/santos2018/eil51-thop/eil51_05_bsc_01_01.thop,thieforienteering,santos2018,santos2018,51,5,255,26,30729,
thieforienteering/santos2018/eil51-thop/eil51_05_bsc_01_02.thop,thieforienteering,santos2018,santos2018,51,5,255,26,32849,
thieforienteering/santos2018/eil51-thop/eil51_05_bsc_01_03.thop,thieforienteering,santos2018,santos2018,51,5,255,26,34484,
thieforienteering/santos2018/eil51-thop/eil51_05_bsc_05_01.thop,thieforienteering,santos2018,santos2018,51,5,255,26,121331,
thieforienteering/santos2018/eil51-thop/eil51_05_bsc_05_02.thop,thieforienteering,santos2018,santos2018,51,5,255,26,137070,
thieforienteering/santos2018/eil51-thop/eil51_05_bsc_05_03.thop,thieforienteering,santos2018,santos2018,51,5,255,26,139718,
thieforienteering/santos2018/eil51-thop/eil51_05_bsc_10_01.thop,thieforienteering,santos2018,santos2018,51,5,255,26,165136,
thieforienteering/santos2018/eil51-thop/eil51_05_bsc_10_02.thop,thieforienteering,santos2018,santos2018,51,5,255,26,207056,
thieforienteering/santos2018/eil51-thop/eil51_05_bsc_10_03.thop,thieforienteering,santos2018,santos2018,51,5,255,26,239557,
thieforienteering/santos2018/eil51-thop/eil51_05_unc_01_01.thop,thieforienteering,santos2018,santos2018,51,5,255,26,25751,
thieforienteering/santos2018/eil51-thop/eil51_05_unc_01_02.thop,thieforienteering,santos2018,santos2018,51,5,255,26,31802,
thieforienteering/santos2018/eil51-thop/eil51_05_unc_01_03.thop,thieforienteering,santos2018,santos2018,51,5,255,26,36160,
thieforienteering/santos2018/eil51-thop/eil51_05_unc_05_01.thop,thieforienteering,santos2018,santos2018,51,5,255,26,52352,
thieforienteering/santos2018/eil51-thop/eil51_05_unc_05_02.thop,thieforienteering,santos2018,santos2018,51,5,255,26,63450,
thieforienteering/santos2018/eil51-thop/eil51_05_unc_05_03.thop,thieforienteering,santos2018,santos2018,51,5,255,26,76567,
thieforienteering/santos2018/eil51-thop/eil51_05_unc_10_01.thop,thieforienteering,santos2018,santos2018,51,5,255,26,62941,
thieforienteering/santos2018/eil51-thop/eil51_05_unc_10_02.thop,thieforienteering,santos2018,santos2018,51,5,255,26,81085,
thieforienteering/santos2018/eil51-thop/eil51_05_unc_10_03.thop,thieforienteering,santos2018,santos2018,51,5,255,26,99685,
thieforienteering/santos2018/eil51-thop/eil51_05_usw_01_01.thop,thieforienteering,santos2018,santos2018,51,5,255,26,16670,
thieforienteering/santos2018/eil51-thop/eil51_05_usw_01_02.thop,thieforienteering,santos2018,santos2018,51,5,255,26,18418,
thieforienteering/santos2018/eil51-thop/eil51_05_usw_01_03.thop,thieforienteering,santos2018,santos2018,51,5,255,26,19255,
thieforienteering/santos2018/eil51-thop/eil51_05_usw_05_01.thop,thieforienteering,santos2018,santos2018,51,5,255,26,55533,
thieforienteering/santos2018/eil51-thop/eil51_05_usw_05_02.thop,thieforienteering,santos2018,santos2018,51,5,255,26,66658,
thieforienteering/santos2018/eil51-thop/eil51_05_usw_05_03.thop,thieforienteering,santos2018,santos2018,51,5,255,26,75645,
thieforienteering/santos2018/eil51-thop/eil51_05_usw_10_01.thop,thieforienteering,santos2018,santos2018,51,5,255,26,70031,
thieforienteering/santos2018/eil51-thop/eil51_05_usw_10_02.thop,thieforienteering,santos2018,santos2018,51,5,255,26,91892,
thieforienteering/santos2018/eil51-thop/eil51_05_usw_10_03.thop,thieforienteering,santos2018,santos2018,51,5,255,26,108882,
thieforienteering/santos2018/eil51-thop/eil51_10_bsc_01_01.thop,thieforienteering,santos2018,santos2018,51,10,510,51,59550,
thieforienteering/santos2018/eil51-thop/eil51_10_bsc_01_02.thop,thieforienteering,santos2018,santos2018,51,10,510,51,62356,
thieforienteering/santos2018/eil51-thop/eil51_10_bsc_01_03.thop,thieforienteering,santos2018,santos2018,51,10,510,51,68478,
thieforienteering/santos2018/eil51-thop/eil51_10_bsc_05_01.thop,thieforienteering,santos2018,santos2018,51,10,510,51,236160,
thieforienteering/santos2018/eil51-thop/eil51_10_bsc_05_02.thop,thieforienteering,santos2018,santos2018,51,10,510,51,266228,
thieforienteering/santos2018/eil51-thop/eil51_10_bsc_05_03.thop,thieforienteering,santos2018,santos2018,51,10,510,51,273035,
thieforienteering/santos2018/eil51-thop/eil51_10_bsc_10_01.thop,thieforienteering,santos2018,santos2018,51,10,510,51,314569,
thieforienteering/santos2018/eil51-thop/eil51_10_bsc_10_02.thop,thieforienteering,santos2018,santos2018,51,10,510,51,404232,
thieforienteering/santos2018/eil51-thop/eil51_10_bsc_10_03.thop,thieforienteering,santos2018,santos2018,51,10,510,51,467576,
thieforienteering/santos2018/eil51-thop/eil51_10_unc_01_01.thop,thieforienteering,santos2018,santos2018,51,10,510,51,49735,
thieforienteering/santos2018/eil51-thop/eil51_10_unc_01_02.thop,thieforienteering,santos2018,santos2018,51,10,510,51,63952,
thieforienteering/santos2018/eil51-thop/eil51_10_unc_01_03.thop,thieforienteering,santos2018,santos2018,51,10,510,51,74804,
thieforienteering/santos2018/eil51-thop/eil51_10_unc_05_01.thop,thieforienteering,santos2018,santos2018,51,10,510,51,109763,
thieforienteering/santos2018/eil51-thop/eil51_10_unc_05_02.thop,thieforienteering,santos2018,santos2018,51,10,510,51,135401,
thieforienteering/santos2018/eil51-thop/eil51_10_unc_05_03.thop,thieforienteering,santos2018,santos2018,51,10,510,51,163411,
thieforienteering/santos2018/eil51-thop/eil51_10_unc_10_01.thop,thieforienteering,santos2018,santos2018,51,10,510,51,131606,
thieforienteering/santos2018/eil51-thop/eil51_10_unc_10_02.thop,thieforienteering,santos2018,santos2018,51,10,510,51,170837,
thieforienteering/santos2018/eil51-thop/eil51_10_unc_10_03.thop,thieforienteering,santos2018,santos2018,51,10,510,51,212657,
thieforienteering/santos2018/eil51-thop/eil51_10_usw_01_01.thop,thieforienteering,santos2018,santos2018,51,10,510,51,34058,
thieforienteering/santos2018/eil51-thop/eil51_10_usw_01_02.thop,thieforienteering,santos2018,santos2018,51,10,510,51,37575,
thieforienteering/santos2018/eil51-thop/eil51_10_usw_01_03.thop,thieforienteering,santos2018,santos2018,51,10,510,51,39600,
thieforienteering/santos2018/eil51-thop/eil51_10_usw_05_01.thop,thieforienteering,santos2018,santos2018,51,10,510,51,113073,
thieforienteering/santos2018/eil51-thop/eil51_10_usw_05_02.thop,thieforienteering,santos2018,santos2018,51,10,510,51,134466,
thieforienteering/santos2018/eil51-thop/eil51_10_usw_05_03.thop,thieforienteering,santos2018,santos2018,51,10,510,51,150930,
thieforienteering/santos2018/eil51-thop/eil51_10_usw_10_01.thop,thieforienteering,santos2018,santos2018,51,10,510,51,144600,
thieforienteering/santos2018/eil51-thop/eil51_10_usw_10_02.thop,thieforienteering,santos2018,santos2018,51,10,510,51,181313,
thieforienteering/santos2018/eil51-thop/eil51_10_usw_10_03.thop,thieforienteering,santos2018,santos2018,51,10,510,51,216211,
thieforienteering/santos2018/pr107-thop/pr107_01_bsc_01_01.thop,thieforienteering,santos2018,santos2018,107,1,107,11,13029,
thieforienteering/santos2018/pr107-thop/pr107_01_bsc_01_02.thop,thieforienteering,santos2018,santos2018,107,1,107,11,14287,
thieforienteering/santos2018/pr107-thop/pr107_01_bsc_01_03.thop,thieforienteering,santos2018,santos2018,107,1,107,11,15316,
thieforienteering/santos2018/pr107-thop/pr107_01_bsc_05_01.thop,thieforienteering,santos2018,santos2018,107,1,107,11,45029,
thieforienteering/santos2018/pr107-thop/pr107_01_bsc_05_02.thop,thieforienteering,santos2018,santos2018,107,1,107,11,53453,
thieforienteering/santos2018/pr107-thop/pr107_01_bsc_05_03.thop,thieforienteering,santos2018,santos2018,107,1,107,11,55007,
thieforienteering/santos2018/pr107-thop/pr107_01_bsc_10_01.thop,thieforienteering,santos2018,santos2018,107,1,107,11,66327,
thieforienteering/santos2018/pr107-thop/pr107_01_bsc_10_02.thop,thieforienteering,santos2018,santos2018,107,1,107,11,82562,
thieforienteering/santos2018/pr107-thop/pr107_01_bsc_10_03.thop,thieforienteering,santos2018,santos2018,107,1,107,11,94893,
thieforienteering/santos2018/pr107-thop/pr107_01_unc_01_01.thop,thieforienteering,santos2018,santos2018,107,1,107,11,9095,
thieforienteering/santos2018/pr107-thop/pr107_01_unc_01_02.thop,thieforienteering,santos2018,santos2018,107,1,107,11,12500,
thieforienteering/santos2018/pr107-thop/pr107_01_unc_01_03.thop,thieforienteering,santos2018,santos2018,107,1,107,11,14373,
thieforienteering/santos2018/pr107-thop/pr107_01_unc_05_01.thop,thieforienteering,santos2018,santos2018,107,1,107,11,20384,
thieforienteering/santos2018/pr107-thop/pr107_01_unc_05_02.thop,thieforienteering,santos2018,santos2018,107,1,107,11,29204,
thieforienteering/santos2018/pr107-thop/pr107_01_unc_05_03.thop,thieforienteering,santos2018,santos2018,107,1,107,11,34410,
thieforienteering/santos2018/pr107-thop/pr107_01_unc_10_01.thop,thieforienteering,santos2018,santos2018,107,1,107,11,26642,
thieforienteering/santos2018/pr107-thop/pr107_01_unc_10_02.thop,thieforienteering,santos2018,santos2018,107,1,107,11,39287,
thieforienteering/santos2018/pr107-thop/pr107_01_unc_10_03.thop,thieforienteering,santos2018,santos2018,107,1,107,11,44914,
thieforienteering/santos2018/pr107-thop/pr107_01_usw_01_01.thop,thieforienteering,santos2018,santos2018,107,1,107,11,5799,
thieforienteering/santos2018/pr107-thop/pr107_01_usw_01_02.thop,thieforienteering,santos2018,santos2018,107,1,107,11,7892,
thieforienteering/santos2018/pr107-thop/pr107_01_usw_01_03.thop,thieforienteering,santos2018,santos2018,107,1,107,11,8429,
thieforienteering/santos2018/pr107-thop/pr107_01_usw_05_01.thop,thieforienteering,santos2018,santos2018,107,1,107,11,25934,
thieforienteering/santos2018/pr107-thop/pr107_01_usw_05_02.thop,thieforienteering,santos2018,santos2018,107,1,107,11,31555,
thieforienteering/santos2018/pr107-thop/pr107_01_usw_05_03.thop,thieforienteering,santos2018,santos2018,107,1,107,11,35757,
thieforienteering/santos2018/pr107-thop/pr107_01_usw_10_01.thop,thieforienteering,santos2018,santos2018,107,1,107,11,33626,
thieforienteering/santos2018/pr107-thop/pr107_01_usw_10_02.thop,thieforienteering,santos2018,santos2018,107,1,107,11,43131,
thieforienteering/santos2018/pr107-thop/pr107_01_usw_10_03.thop,thieforienteering,santos2018,santos2018,107,1,107,11,50209,
thieforienteering/santos2018/pr107-thop/pr107_03_bsc_01_01.thop,thieforienteering,santos2018,santos2018,107,3,321,33,39162,
thieforienteering/santos2018/pr107-thop/pr107_03_bsc_01_02.thop,thieforienteering,santos2018,santos2018,107,3,321,33,40854,
thieforienteering/santos2018/pr107-thop/pr107_03_bsc_01_03.thop,thieforienteering,santos2018,santos2018,107,3,321,33,44716,
thieforienteering/santos2018/pr107-thop/pr107_03_bsc_05_01.thop,thieforienteering,santos2018,santos2018,107,3,321,33,142873,
thieforienteering/santos2018/pr107-thop/pr107_03_bsc_05_02.thop,thieforienteering,santos2018,santos2018,107,3,321,33,170328,
thieforienteering/santos2018/pr107-thop/pr107_03_bsc_05_03.thop,thieforienteering,santos2018,santos2018,107,3,321,33,174851,
thieforienteering/santos2018/pr107-thop/pr107_03_bsc_10_01.thop,thieforienteering,santos2018,santos2018,107,3,321,33,209952,
thieforienteering/santos2018/pr107-thop/pr107_03_bsc_10_02.thop,thieforienteering,santos2018,santos2018,107,3,321,33,251606,
thieforienteering/santos2018/pr107-thop/pr107_03_bsc_10_03.thop,thieforienteering,santos2018,santos2018,107,3,321,33,296516,
thieforienteering/santos2018/pr107-thop/pr107_03_unc_01_01.thop,thieforienteering,santos2018,santos2018,107,3,321,33,30373,
thieforienteering/santos2018/pr107-thop/pr107_03_unc_01_02.thop,thieforienteering,santos2018,santos2018,107,3,321,33,42241,
thieforienteering/santos2018/pr107-thop/pr107_03_unc_01_03.thop,thieforienteering,santos2018,santos2018,107,3,321,33,48643,
thieforienteering/santos2018/pr107-thop/pr107_03_unc_05_01.thop,thieforienteering,santos2018,santos2018,107,3,321,33,65232,
thieforienteering/santos2018/pr107-thop/pr107_03_unc_05_02.thop,thieforienteering,santos2018,santos2018,107,3,321,33,84788,
thieforienteering/santos2018/pr107-thop/pr107_03_unc_05_03.thop,thieforienteering,santos2018,santos2018,107,3,321,33,103304,
thieforienteering/santos2018/pr107-thop/pr107_03_unc_10_01.thop,thieforienteering,santos2018,santos2018,107,3,321,33,82317,
thieforienteering/santos2018/pr107-thop/pr107_03_unc_10_02.thop,thieforienteering,santos2018,santos2018,107,3,321,33,108321,
thieforienteering/santos2018/pr107-thop/pr107_03_unc_10_03.thop,thieforienteering,santos2018,santos2018,107,3,321,33,135358,
thieforienteering/santos2018/pr107-thop/pr107_03_usw_01_01.thop,thieforienteering,santos2018,santos2018,107,3,321,33,19844,
thieforienteering/santos2018/pr107-thop/pr107_03_usw_01_02.thop,thieforienteering,santos2018,santos2018,107,3,321,33,24715,
thieforienteering/santos2018/pr107-thop/pr107_03_usw_01_03.thop,thieforienteering,santos2018,santos2018,107,3,321,33,26002,
thieforienteering/santos2018/pr107-thop/pr107_03_usw_05_01.thop,thieforienteering,santos2018,santos2018,107,3,321,33,70621,
thieforienteering/santos2018/pr107-thop/pr107_03_usw_05_02.thop,thieforienteering,santos2018,santos2018,107,3,321,33,87099,
thieforienteering/santos2018/pr107-thop/pr107_03_usw_05_03.thop,thieforienteering,santos2018,santos2018,107,3,321,33,99686,
thieforienteering/santos2018/pr107-thop/pr107_03_usw_10_01.thop,thieforienteering,santos2018,santos2018,107,3,321,33,89732,
thieforienteering/santos2018/pr107-thop/pr107_03_usw_10_02.thop,thieforienteering,santos2018,santos2018,107,3,321,33,114187,
thieforienteering/santos2018/pr107-thop/pr107_03_usw_10_03.thop,thieforienteering,santos2018,santos2018,107,3,321,33,143263,
thieforienteering/santos2018/pr107-thop/pr107_05_bsc_01_01.thop,thieforienteering,santos2018,santos2018,107,5,535,54,62214,
thieforienteering/santos2018/pr107-thop/pr107_05_bsc_01_02.thop,thieforienteering,santos2018,santos2018,107,5,535,54,66348,
thieforienteering/santos2018/pr107-thop/pr107_05_bsc_01_03.thop,thieforienteering,santos2018,santos2018,107,5,535,54,73202,
thieforienteering/santos2018/pr107-thop/pr107_05_bsc_05_01.thop,thieforienteering,santos2018,santos2018,107,5,535,54,235401,
thieforienteering/santos2018/pr107-thop/pr107_05_bsc_05_02.thop,thieforienteering,santos2018,santos2018,107,5,535,54,278341,
thieforienteering/santos2018/pr107-thop/pr107_05_bsc_05_03.thop,thieforienteering,santos2018,santos2018,107,5,535,54,286885,
thieforienteering/santos2018/pr107-thop/pr107_05_bsc_10_01.thop,thieforienteering,santos2018,santos2018,107,5,535,54,341262,
thieforienteering/santos2018/pr107-thop/pr107_05_bsc_10_02.thop,thieforienteering,santos2018,santos2018,107,5,535,54,397343,
thieforienteering/santos2018/pr107-thop/pr107_05_bsc_10_03.thop,thieforienteering,santos2018,santos2018,107,5,535,54,479402,
thieforienteering/santos2018/pr107-thop/pr107_05_unc_01_01.thop,thieforienteering,santos2018,santos2018,107,5,535,54,47057,
thieforienteering/santos2018/pr107-thop/pr107_05_unc_01_02.thop,thieforienteering,santos2018,santos2018,107,5,535,54,67493,
thieforienteering/santos2018/pr107-thop/pr107_05_unc_01_03.thop,thieforienteering,santos2018,santos2018,107,5,535,54,80787,
thieforienteering/santos2018/pr107-thop/pr107_05_unc_05_01.thop,thieforienteering,santos2018,santos2018,107,5,535,54,115030,
thieforienteering/santos2018/pr107-thop/pr107_05_unc_05_02.thop,thieforienteering,santos2018,santos2018,107,5,535,54,139512,
thieforienteering/santos2018/pr107-thop/pr107_05_unc_05_03.thop,thieforienteering,santos2018,santos2018,107,5,535,54,176678,
thieforienteering/santos2018/pr107-thop/pr107_05_unc_10_01.thop,thieforienteering,santos2018,santos2018,107,5,535,54,141583,
thieforienteering/santos2018/pr107-thop/pr107_05_unc_10_02.thop,thieforienteering,santos2018,santos2018,107,5,535,54,180315,
thieforienteering/santos2018/pr107-thop/pr107_05_unc_10_03.thop,thieforienteering,santos2018,santos2018,107,5,535,54,233499,
thieforienteering/santos2018/pr107-thop/pr107_05_usw_01_01.thop,thieforienteering,santos2018,santos2018,107,5,535,54,32490,
thieforienteering/santos2018/pr107-thop/pr107_05_usw_01_02.thop,thieforienteering,santos2018,santos2018,107,5,535,54,40176,
thieforienteering/santos2018/pr107-thop/pr107_05_usw_01_03.thop,thieforienteering,santos2018,santos2018,107,5,535,54,43486,
thieforienteering/santos2018/pr107-thop/pr107_05_usw_05_01.thop,thieforienteering,santos2018,santos2018,107,5,535,54,117275,
thieforienteering/santos2018/pr107-thop/pr107_05_usw_05_02.thop,thieforienteering,santos2018,santos2018,107,5,535,54,140914,
thieforienteering/santos2018/pr107-thop/pr107_05_usw_05_03.thop,thieforienteering,santos2018,santos2018,107,5,535,54,161948,
thieforienteering/santos2018/pr107-thop/pr107_05_usw_10_01.thop,thieforienteering,santos2018,santos2018,107,5,535,54,146024,
thieforienteering/santos2018/pr107-thop/pr107_05_usw_10_02.thop,thieforienteering,santos2018,santos2018,107,5,535,54,182043,
thieforienteering/santos2018/pr107-thop/pr107_05_usw_10_03.thop,thieforienteering,santos2018,santos2018,107,5,535,54,231942,
thieforienteering/santos2018/pr107-thop/pr107_10_bsc_01_01.thop,thieforienteering,santos2018,santos2018,107,10,1070,107,120516,
thieforienteering/santos2018/pr107-thop/pr107_10_bsc_01_02.thop,thieforienteering,santos2018,santos2018,107,10,1070,107,128718,
thieforienteering/santos2018/pr107-thop/pr107_10_bsc_01_03.thop,thieforienteering,santos2018,santos2018,107,10,1070,107,142995,
thieforienteering/santos2018/pr107-thop/pr107_10_bsc_05_01.thop,thieforienteering,santos2018,santos2018,107,10,1070,107,457329,
thieforienteering/santos2018/pr107-thop/pr107_10_bsc_05_02.thop,thieforienteering,santos2018,santos2018,107,10,1070,107,551765,
thieforienteering/santos2018/pr107-thop/pr107_10_bsc_05_03.thop,thieforienteering,santos2018,santos2018,107,10,1070,107,561087,
thieforienteering/santos2018/pr107-thop/pr107_10_bsc_10_01.thop,thieforienteering,santos2018,santos2018,107,10,1070,107,656162,
thieforienteering/santos2018/pr107-thop/pr107_10_bsc_10_02.thop,thieforienteering,santos2018,santos2018,107,10,1070,107,795220,
thieforienteering/santos2018/pr107-thop/pr107_10_bsc_10_03.thop,thieforienteering,santos2018,santos2018,107,10,1070,107,933114,
thieforienteering/santos2018/pr107-thop/pr107_10_unc_01_01.thop,thieforienteering,santos2018,santos2018,107,10,1070,107,89392,
thieforienteering/santos2018/pr107-thop/pr107_10_unc_01_02.thop,thieforienteering,santos2018,santos2018,107,10,1070,107,132076,
thieforienteering/santos2018/pr107-thop/pr107_10_unc_01_03.thop,thieforienteering,santos2018,santos2018,107,10,1070,107,156382,
thieforienteering/santos2018/pr107-thop/pr107_10_unc_05_01.thop,thieforienteering,santos2018,santos2018,107,10,1070,107,223050,
thieforienteering/santos2018/pr107-thop/pr107_10_unc_05_02.thop,thieforienteering,santos2018,santos2018,107,10,1070,107,267607,
thieforienteering/santos2018/pr107-thop/pr107_10_unc_05_03.thop,thieforienteering,santos2018,santos2018,107,10,1070,107,345900,
thieforienteering/santos2018/pr107-thop/pr107_10_unc_10_01.thop,thieforienteering,santos2018,santos2018,107,10,1070,107,270498,
thieforienteering/santos2018/pr107-thop/pr107_10_unc_10_02.thop,thieforienteering,santos2018,santos2018,107,10,1070,107,329900,
thieforienteering/santos2018/pr107-thop/pr107_10_unc_10_03.thop,thieforienteering,santos2018,santos2018,107,10,1070,107,461303,
thieforienteering/santos2018/pr107-thop/pr107_10_usw_01_01.thop,thieforienteering,santos2018,santos2018,107,10,1070,107,71007,
thieforienteering/santos2018/pr107-thop/pr107_10_usw_01_02.thop,thieforienteering,santos2018,santos2018,107,10,1070,107,82513,
thieforienteering/santos2018/pr107-thop/pr107_10_usw_01_03.thop,thieforienteering,santos2018,santos2018,107,10,1070,107,87365,
thieforienteering/santos2018/pr107-thop/pr107_10_usw_05_01.thop,thieforienteering,santos2018,santos2018,107,10,1070,107,242181,
thieforienteering/santos2018/pr107-thop/pr107_10_usw_05_02.thop,thieforienteering,santos2018,santos2018,107,10,1070,107,288219,
thieforienteering/santos2018/pr107-thop/pr107_10_usw_05_03.thop,thieforienteering,santos2018,santos2018,107,10,1070,107,330787,
thieforienteering/santos2018/pr107-thop/pr107_10_usw_10_01.thop,thieforienteering,santos2018,santos2018,107,10,1070,107,296258,
thieforienteering/santos2018/pr107-thop/pr107_10_usw_10_02.thop,thieforienteering,santos2018,santos2018,107,10,1070,107,360815,
thieforienteering/santos2018/pr107-thop/pr107_10_usw_10_03.thop,thieforienteering,santos2018,santos2018,107,10,1070,107,474464,
thieforienteering/santos2018/a280-thop/a280_01_bsc_01_01.thop,thieforienteering,santos2018,santos2018,280,1,280,28,34189,
thieforienteering/santos2018/a280-thop/a280_01_bsc_01_02.thop,thieforienteering,santos2018,santos2018,280,1,280,28,37819,
thieforienteering/santos2018/a280-thop/a280_01_bsc_01_03.thop,thieforienteering,santos2018,santos2018,280,1,280,28,39923,
thieforienteering/santos2018/a280-thop/a280_01_bsc_05_01.thop,thieforienteering,santos2018,santos2018,280,1,280,28,136027,
thieforienteering/santos2018/a280-thop/a280_01_bsc_05_02.thop,thieforienteering,santos2018,santos2018,280,1,280,28,153624,
thieforienteering/santos2018/a280-thop/a280_01_bsc_05_03.thop,thieforienteering,santos2018,santos2018,280,1,280,28,162243,
thieforienteering/santos2018/a280-thop/a280_01_bsc_10_01.thop,thieforienteering,santos2018,santos2018,280,1,280,28,180701,
thieforienteering/santos2018/a280-thop/a280_01_bsc_10_02.thop,thieforienteering,santos2018,santos2018,280,1,280,28,220475,
thieforienteering/santos2018/a280-thop/a280_01_bsc_10_03.thop,thieforienteering,santos2018,santos2018,280,1,280,28,261480,
thieforienteering/santos2018/a280-thop/a280_01_unc_01_01.thop,thieforienteering,santos2018,santos2018,280,1,280,28,32430,
thieforienteering/santos2018/a280-thop/a280_01_unc_01_02.thop,thieforienteering,santos2018,santos2018,280,1,280,28,40287,
thieforienteering/santos2018/a280-thop/a280_01_unc_01_03.thop,thieforienteering,santos2018,santos2018,280,1,280,28,43850,
thieforienteering/santos2018/a280-thop/a280_01_unc_05_01.thop,thieforienteering,santos2018,santos2018,280,1,280,28,56856,
thieforienteering/santos2018/a280-thop/a280_01_unc_05_02.thop,thieforienteering,santos2018,santos2018,280,1,280,28,76319,
thieforienteering/santos2018/a280-thop/a280_01_unc_05_03.thop,thieforienteering,santos2018,santos2018,280,1,280,28,89525,
thieforienteering/santos2018/a280-thop/a280_01_unc_10_01.thop,thieforienteering,santos2018,santos2018,280,1,280,28,69110,
thieforienteering/santos2018/a280-thop/a280_01_unc_10_02.thop,thieforienteering,santos2018,santos2018,280,1,280,28,100037,
thieforienteering/santos2018/a280-thop/a280_01_unc_10_03.thop,thieforienteering,santos2018,santos2018,280,1,280,28,115382,
thieforienteering/santos2018/a280-thop/a280_01_usw_01_01.thop,thieforienteering,santos2018,santos2018,280,1,280,28,18582,
thieforienteering/santos2018/a280-thop/a280_01_usw_01_02.thop,thieforienteering,santos2018,santos2018,280,1,280,28,21503,
thieforienteering/santos2018/a280-thop/a280_01_usw_01_03.thop,thieforienteering,santos2018,santos2018,280,1,280,28,22972,
thieforienteering/santos2018/a280-thop/a280_01_usw_05_01.thop,thieforienteering,santos2018,santos2018,280,1,280,28,59127,
thieforienteering/santos2018/a280-thop/a280_01_usw_05_02.thop,thieforienteering,santos2018,santos2018,280,1,280,28,75102,
thieforienteering/santos2018/a280-thop/a280_01_usw_05_03.thop,thieforienteering,santos2018,santos2018,280,1,280,28,87508,
thieforienteering/santos2018/a280-thop/a280_01_usw_10_01.thop,thieforienteering,santos2018,santos2018,280,1,280,28,81987,
thieforienteering/santos2018/a280-thop/a280_01_usw_10_02.thop,thieforienteering,santos2018,santos2018,280,1,280,28,110284,
thieforienteering/santos2018/a280-thop/a280_01_usw_10_03.thop,thieforienteering,santos2018,santos2018,280,1,280,28,128758,
thieforienteering/santos2018/a280-thop/a280_03_bsc_01_01.thop,thieforienteering,santos2018,santos2018,280,3,840,84,97932,
thieforienteering/santos2018/a280-thop/a280_03_bsc_01_02.thop,thieforienteering,santos2018,santos2018,280,3,840,84,103721,
thieforienteering/santos2018/a280-thop/a280_03_bsc_01_03.thop,thieforienteering,santos2018,santos2018,280,3,840,84,111826,
thieforienteering/santos2018/a280-thop/a280_03_bsc_05_01.thop,thieforienteering,santos2018,santos2018,280,3,840,84,364755,
thieforienteering/santos2018/a280-thop/a280_03_bsc_05_02.thop,thieforienteering,santos2018,santos2018,280,3,840,84,418836,
thieforienteering/santos2018/a280-thop/a280_03_bsc_05_03.thop,thieforienteering,santos2018,santos2018,280,3,840,84,448447,
thieforienteering/santos2018/a280-thop/a280_03_bsc_10_01.thop,thieforienteering,santos2018,santos2018,280,3,840,84,509222,
thieforienteering/santos2018/a280-thop/a280_03_bsc_10_02.thop,thieforienteering,santos2018,santos2018,280,3,840,84,655509,
thieforienteering/santos2018/a280-thop/a280_03_bsc_10_03.thop,thieforienteering,santos2018,santos2018,280,3,840,84,769312,
thieforienteering/santos2018/a280-thop/a280_03_unc_01_01.thop,thieforienteering,santos2018,santos2018,280,3,840,84,77428,
thieforienteering/santos2018/a280-thop/a280_03_unc_01_02.thop,thieforienteering,santos2018,santos2018,280,3,840,84,107676,
thieforienteering/santos2018/a280-thop/a280_03_unc_01_03.thop,thieforienteering,santos2018,santos2018,280,3,840,84,124747,
thieforienteering/santos2018/a280-thop/a280_03_unc_05_01.thop,thieforienteering,santos2018,santos2018,280,3,840,84,158857,
thieforienteering/santos2018/a280-thop/a280_03_unc_05_02.thop,thieforienteering,santos2018,santos2018,280,3,840,84,217523,
thieforienteering/santos2018/a280-thop/a280_03_unc_05_03.thop,thieforienteering,santos2018,santos2018,280,3,840,84,269444,
thieforienteering/santos2018/a280-thop/a280_03_unc_10_01.thop,thieforienteering,santos2018,santos2018,280,3,840,84,202332,
thieforienteering/santos2018/a280-thop/a280_03_unc_10_02.thop,thieforienteering,santos2018,santos2018,280,3,840,84,271408,
thieforienteering/santos2018/a280-thop/a280_03_unc_10_03.thop,thieforienteering,santos2018,santos2018,280,3,840,84,355009,
thieforienteering/santos2018/a280-thop/a280_03_usw_01_01.thop,thieforienteering,santos2018,santos2018,280,3,840,84,58956,
thieforienteering/santos2018/a280-thop/a280_03_usw_01_02.thop,thieforienteering,santos2018,santos2018,280,3,840,84,65843,
thieforienteering/santos2018/a280-thop/a280_03_usw_01_03.thop,thieforienteering,santos2018,santos2018,280,3,840,84,67775,
thieforienteering/santos2018/a280-thop/a280_03_usw_05_01.thop,thieforienteering,santos2018,santos2018,280,3,840,84,182483,
thieforienteering/santos2018/a280-thop/a280_03_usw_05_02.thop,thieforienteering,santos2018,santos2018,280,3,840,84,231269,
thieforienteering/santos2018/a280-thop/a280_03_usw_05_03.thop,thieforienteering,santos2018,santos2018,280,3,840,84,262379,
thieforienteering/santos2018/a280-thop/a280_03_usw_10_01.thop,thieforienteering,santos2018,santos2018,280,3,840,84,220116,
thieforienteering/santos2018/a280-thop/a280_03_usw_10_02.thop,thieforienteering,santos2018,santos2018,280,3,840,84,292272,
thieforienteering/santos2018/a280-thop/a280_03_usw_10_03.thop,thieforienteering,santos2018,santos2018,280,3,840,84,361581,
thieforienteering/santos2018/a280-thop/a280_05_bsc_01_01.thop,thieforienteering,santos2018,santos2018,280,5,1400,140,158667,
thieforienteering/santos2018/a280-thop/a280_05_bsc_01_02.thop,thieforienteering,santos2018,santos2018,280,5,1400,140,169120,
thieforienteering/santos2018/a280-thop/a280_05_bsc_01_03.thop,thieforienteering,santos2018,santos2018,280,5,1400,140,182679,
thieforienteering/santos2018/a280-thop/a280_05_bsc_05_01.thop,thieforienteering,santos2018,santos2018,280,5,1400,140,615908,
thieforienteering/santos2018/a280-thop/a280_05_bsc_05_02.thop,thieforienteering,santos2018,santos2018,280,5,1400,140,712491,
thieforienteering/santos2018/a280-thop/a280_05_bsc_05_03.thop,thieforienteering,santos2018,santos2018,280,5,1400,140,743278,
thieforienteering/santos2018/a280-thop/a280_05_bsc_10_01.thop,thieforienteering,santos2018,santos2018,280,5,1400,140,808888,
thieforienteering/santos2018/a280-thop/a280_05_bsc_10_02.thop,thieforienteering,santos2018,santos2018,280,5,1400,140,1036852,
thieforienteering/santos2018/a280-thop/a280_05_bsc_10_03.thop,thieforienteering,santos2018,santos2018,280,5,1400,140,1256911,
thieforienteering/santos2018/a280-thop/a280_05_unc_01_01.thop,thieforienteering,santos2018,santos2018,280,5,1400,140,133922,
thieforienteering/santos2018/a280-thop/a280_05_unc_01_02.thop,thieforienteering,santos2018,santos2018,280,5,1400,140,176712,
thieforienteering/santos2018/a280-thop/a280_05_unc_01_03.thop,thieforienteering,santos2018,santos2018,280,5,1400,140,210692,
thieforienteering/santos2018/a280-thop/a280_05_unc_05_01.thop,thieforienteering,santos2018,santos2018,280,5,1400,140,260876,
thieforienteering/santos2018/a280-thop/a280_05_unc_05_02.thop,thieforienteering,santos2018,santos2018,280,5,1400,140,336660,
thieforienteering/santos2018/a280-thop/a280_05_unc_05_03.thop,thieforienteering,santos2018,santos2018,280,5,1400,140,451664,
thieforienteering/santos2018/a280-thop/a280_05_unc_10_01.thop,thieforienteering,santos2018,santos2018,280,5,1400,140,340000,
thieforienteering/santos2018/a280-thop/a280_05_unc_10_02.thop,thieforienteering,santos2018,santos2018,280,5,1400,140,445884,
thieforienteering/santos2018/a280-thop/a280_05_unc_10_03.thop,thieforienteering,santos2018,santos2018,280,5,1400,140,608153,
thieforienteering/santos2018/a280-thop/a280_05_usw_01_01.thop,thieforienteering,santos2018,santos2018,280,5,1400,140,99221,
thieforienteering/santos2018/a280-thop/a280_05_usw_01_02.thop,thieforienteering,santos2018,santos2018,280,5,1400,140,108311,
thieforienteering/santos2018/a280-thop/a280_05_usw_01_03.thop,thieforienteering,santos2018,santos2018,280,5,1400,140,112684,
thieforienteering/santos2018/a280-thop/a280_05_usw_05_01.thop,thieforienteering,santos2018,santos2018,280,5,1400,140,298745,
thieforienteering/santos2018/a280-thop/a280_05_usw_05_02.thop,thieforienteering,santos2018,santos2018,280,5,1400,140,378602,
thieforienteering/santos2018/a280-thop/a280_05_usw_05_03.thop,thieforienteering,santos2018,santos2018,280,5,1400,140,427354,
thieforienteering/santos2018/a280-thop/a280_05_usw_10_01.thop,thieforienteering,santos2018,santos2018,280,5,1400,140,384140,
thieforienteering/santos2018/a280-thop/a280_05_usw_10_02.thop,thieforienteering,santos2018,santos2018,280,5,1400,140,499884,
thieforienteering/santos2018/a280-thop/a280_05_usw_10_03.thop,thieforienteering,santos2018,santos2018,280,5,1400,140,630490,
thieforienteering/santos2018/a280-thop/a280_10_bsc_01_01.thop,thieforienteering,santos2018,santos2018,280,10,2800,280,311437,
thieforienteering/santos2018/a280-thop/a280_10_bsc_01_02.thop,thieforienteering,santos2018,santos2018,280,10,2800,280,330017,
thieforienteering/santos2018/a280-thop/a280_10_bsc_01_03.thop,thieforienteering,santos2018,santos2018,280,10,2800,280,362467,
thieforienteering/santos2018/a280-thop/a280_10_bsc_05_01.thop,thieforienteering,santos2018,santos2018,280,10,2800,280,1248607,
thieforienteering/santos2018/a280-thop/a280_10_bsc_05_02.thop,thieforienteering,santos2018,santos2018,280,10,2800,280,1452035,
thieforienteering/santos2018/a280-thop/a280_10_bsc_05_03.thop,thieforienteering,santos2018,santos2018,280,10,2800,280,1533540,
thieforienteering/santos2018/a280-thop/a280_10_bsc_10_01.thop,thieforienteering,santos2018,santos2018,280,10,2800,280,1558397,
thieforienteering/santos2018/a280-thop/a280_10_bsc_10_02.thop,thieforienteering,santos2018,santos2018,280,10,2800,280,2054344,
thieforienteering/santos2018/a280-thop/a280_10_bsc_10_03.thop,thieforienteering,santos2018,santos2018,280,10,2800,280,2483862,
thieforienteering/santos2018/a280-thop/a280_10_unc_01_01.thop,thieforienteering,santos2018,santos2018,280,10,2800,280,242102,
thieforienteering/santos2018/a280-thop/a280_10_unc_01_02.thop,thieforienteering,santos2018,santos2018,280,10,2800,280,343478,
thieforienteering/santos2018/a280-thop/a280_10_unc_01_03.thop,thieforienteering,santos2018,santos2018,280,10,2800,280,420738,
thieforienteering/santos2018/a280-thop/a280_10_unc_05_01.thop,thieforienteering,santos2018,santos2018,280,10,2800,280,535108,
thieforienteering/santos2018/a280-thop/a280_10_unc_05_02.thop,thieforienteering,santos2018,santos2018,280,10,2800,280,682141,
thieforienteering/santos2018/a280-thop/a280_10_unc_05_03.thop,thieforienteering,santos2018,santos2018,280,10,2800,280,926046,
thieforienteering/santos2018/a280-thop/a280_10_unc_10_01.thop,thieforienteering,santos2018,santos2018,280,10,2800,280,660978,
thieforienteering/santos2018/a280-thop/a280_10_unc_10_02.thop,thieforienteering,santos2018,santos2018,280,10,2800,280,886649,
thieforienteering/santos2018/a280-thop/a280_10_unc_10_03.thop,thieforienteering,santos2018,santos2018,280,10,2800,280,1248671,
thieforienteering/santos2018/a280-thop/a280_10_usw_01_01.thop,thieforienteering,santos2018,santos2018,280,10,2800,280,196939,
thieforienteering/santos2018/a280-thop/a280_10_usw_01_02.thop,thieforienteering,santos2018,santos2018,280,10,2800,280,213719,
thieforienteering/santos2018/a280-thop/a280_10_usw_01_03.thop,thieforienteering,santos2018,santos2018,280,10,2800,280,223342,
thieforienteering/santos2018/a280-thop/a280_10_usw_05_01.thop,thieforienteering,santos2018,santos2018,280,10,2800,280,599925,
thieforienteering/santos2018/a280-thop/a280_10_usw_05_02.thop,thieforienteering,santos2018,santos2018,280,10,2800,280,748830,
thieforienteering/santos2018/a280-thop/a280_10_usw_05_03.thop,thieforienteering,santos2018,santos2018,280,10,2800,280,866498,
thieforienteering/santos2018/a280-thop/a280_10_usw_10_01.thop,thieforienteering,santos2018,santos2018,280,10,2800,280,754748,
thieforienteering/santos2018/a280-thop/a280_10_usw_10_02.thop,thieforienteering,santos2018,santos2018,280,10,2800,280,1010205,
thieforienteering/santos2018/a280-thop/a280_10_usw_10_03.thop,thieforienteering,santos2018,santos2018,280,10,2800,280,1266525,
thieforienteering/santos2018/dsj1000-thop/dsj1000_01_bsc_01_01.thop,thieforienteering,santos2018,santos2018,1000,1,1000,100,144426,
thieforienteering/santos2018/dsj1000-thop/dsj1000_01_bsc_01_02.thop,thieforienteering,santos2018,santos2018,1000,1,1000,100,144426,
thieforienteering/santos2018/dsj1000-thop/dsj1000_01_bsc_01_03.thop,thieforienteering,santos2018,santos2018,1000,1,1000,100,144426,
thieforienteering/santos2018/dsj1000-thop/dsj1000_01_bsc_05_01.thop,thieforienteering,santos2018,santos2018,1000,1,1000,100,417233,
thieforienteering/santos2018/dsj1000-thop/dsj1000_01_bsc_05_02.thop,thieforienteering,santos2018,santos2018,1000,1,1000,100,498037,
thieforienteering/santos2018/dsj1000-thop/dsj1000_01_bsc_05_03.thop,thieforienteering,santos2018,santos2018,1000,1,1000,100,530717,
thieforienteering/santos2018/dsj1000-thop/dsj1000_01_bsc_10_01.thop,thieforienteering,santos2018,santos2018,1000,1,1000,100,582571,
thieforienteering/santos2018/dsj1000-thop/dsj1000_01_bsc_10_02.thop,thieforienteering,santos2018,santos2018,1000,1,1000,100,746728,
thieforienteering/santos2018/dsj1000-thop/dsj1000_01_bsc_10_03.thop,thieforienteering,santos2018,santos2018,1000,1,1000,100,862263,
thieforienteering/santos2018/dsj1000-thop/dsj1000_01_unc_01_01.thop,thieforienteering,santos2018,santos2018,1000,1,1000,100,165146,
thieforienteering/santos2018/dsj1000-thop/dsj1000_01_unc_01_02.thop,thieforienteering,santos2018,santos2018,1000,1,1000,100,165146,
thieforienteering/santos2018/dsj1000-thop/dsj1000_01_unc_01_03.thop,thieforienteering,santos2018,santos2018,1000,1,1000,100,165146,
thieforienteering/santos2018/dsj1000-thop/dsj1000_01_unc_05_01.thop,thieforienteering,santos2018,santos2018,1000,1,1000,100,185640,
thieforienteering/santos2018/dsj1000-thop/dsj1000_01_unc_05_02.thop,thieforienteering,santos2018,santos2018,1000,1,1000,100,245554,
thieforienteering/santos2018/dsj1000-thop/dsj1000_01_unc_05_03.thop,thieforienteering,santos2018,santos2018,1000,1,1000,100,307287,
thieforienteering/santos2018/dsj1000-thop/dsj1000_01_unc_10_01.thop,thieforienteering,santos2018,santos2018,1000,1,1000,100,248577,
thieforienteering/santos2018/dsj1000-thop/dsj1000_01_unc_10_02.thop,thieforienteering,santos2018,santos2018,1000,1,1000,100,351176,
thieforienteering/santos2018/dsj1000-thop/dsj1000_01_unc_10_03.thop,thieforienteering,santos2018,santos2018,1000,1,1000,100,418541,
thieforienteering/santos2018/dsj1000-thop/dsj1000_01_usw_01_01.thop,thieforienteering,santos2018,santos2018,1000,1,1000,100,85721,
thieforienteering/santos2018/dsj1000-thop/dsj1000_01_usw_01_02.thop,thieforienteering,santos2018,santos2018,1000,1,1000,100,85721,
thieforienteering/santos2018/dsj1000-thop/dsj1000_01_usw_01_03.thop,thieforienteering,santos2018,santos2018,1000,1,1000,100,85721,
thieforienteering/santos2018/dsj1000-thop/dsj1000_01_usw_05_01.thop,thieforienteering,santos2018,santos2018,1000,1,1000,100,193975,
thieforienteering/santos2018/dsj1000-thop/dsj1000_01_usw_05_02.thop,thieforienteering,santos2018,santos2018,1000,1,1000,100,240179,
thieforienteering/santos2018/dsj1000-thop/dsj1000_01_usw_05_03.thop,thieforienteering,santos2018,santos2018,1000,1,1000,100,287102,
thieforienteering/santos2018/dsj1000-thop/dsj1000_01_usw_10_01.thop,thieforienteering,santos2018,santos2018,1000,1,1000,100,266036,
thieforienteering/santos2018/dsj1000-thop/dsj1000_01_usw_10_02.thop,thieforienteering,santos2018,santos2018,1000,1,1000,100,361713,
thieforienteering/santos2018/dsj1000-thop/dsj1000_01_usw_10_03.thop,thieforienteering,santos2018,santos2018,1000,1,1000,100,437980,
thieforienteering/santos2018/dsj1000-thop/dsj1000_03_bsc_01_01.thop,thieforienteering,santos2018,santos2018,1000,3,3000,300,327812,
thieforienteering/santos2018/dsj1000-thop/dsj1000_03_bsc_01_02.thop,thieforienteering,santos2018,santos2018,1000,3,3000,300,338208,
thieforienteering/santos2018/dsj1000-thop/dsj1000_03_bsc_01_03.thop,thieforienteering,santos2018,santos2018,1000,3,3000,300,373756,
thieforienteering/santos2018/dsj1000-thop/dsj1000_03_bsc_05_01.thop,thieforienteering,santos2018,santos2018,1000,3,3000,300,1296434,
thieforienteering/santos2018/dsj1000-thop/dsj1000_03_bsc_05_02.thop,thieforienteering,santos2018,santos2018,1000,3,3000,300,1504130,
thieforienteering/santos2018/dsj1000-thop/dsj1000_03_bsc_05_03.thop,thieforienteering,santos2018,santos2018,1000,3,3000,300,1576960,
thieforienteering/santos2018/dsj1000-thop/dsj1000_03_bsc_10_01.thop,thieforienteering,santos2018,santos2018,1000,3,3000,300,1782083,
thieforienteering/santos2018/dsj1000-thop/dsj1000_03_bsc_10_02.thop,thieforienteering,santos2018,santos2018,1000,3,3000,300,2258333,
thieforienteering/santos2018/dsj1000-thop/dsj1000_03_bsc_10_03.thop,thieforienteering,santos2018,santos2018,1000,3,3000,300,2585850,
thieforienteering/santos2018/dsj1000-thop/dsj1000_03_unc_01_01.thop,thieforienteering,santos2018,santos2018,1000,3,3000,300,251293,
thieforienteering/santos2018/dsj1000-thop/dsj1000_03_unc_01_02.thop,thieforienteering,santos2018,santos2018,1000,3,3000,300,351556,
thieforienteering/santos2018/dsj1000-thop/dsj1000_03_unc_01_03.thop,thieforienteering,santos2018,santos2018,1000,3,3000,300,431628,
thieforienteering/santos2018/dsj1000-thop/dsj1000_03_unc_05_01.thop,thieforienteering,santos2018,santos2018,1000,3,3000,300,555350,
thieforienteering/santos2018/dsj1000-thop/dsj1000_03_unc_05_02.thop,thieforienteering,santos2018,santos2018,1000,3,3000,300,705064,
thieforienteering/santos2018/dsj1000-thop/dsj1000_03_unc_05_03.thop,thieforienteering,santos2018,santos2018,1000,3,3000,300,920201,
thieforienteering/santos2018/dsj1000-thop/dsj1000_03_unc_10_01.thop,thieforienteering,santos2018,santos2018,1000,3,3000,300,750235,
thieforienteering/santos2018/dsj1000-thop/dsj1000_03_unc_10_02.thop,thieforienteering,santos2018,santos2018,1000,3,3000,300,979517,
thieforienteering/santos2018/dsj1000-thop/dsj1000_03_unc_10_03.thop,thieforienteering,santos2018,santos2018,1000,3,3000,300,1290679,
thieforienteering/santos2018/dsj1000-thop/dsj1000_03_usw_01_01.thop,thieforienteering,santos2018,santos2018,1000,3,3000,300,191760,
thieforienteering/santos2018/dsj1000-thop/dsj1000_03_usw_01_02.thop,thieforienteering,santos2018,santos2018,1000,3,3000,300,220984,
thieforienteering/santos2018/dsj1000-thop/dsj1000_03_usw_01_03.thop,thieforienteering,santos2018,santos2018,1000,3,3000,300,228124,
thieforienteering/santos2018/dsj1000-thop/dsj1000_03_usw_05_01.thop,thieforienteering,santos2018,santos2018,1000,3,3000,300,716429,
thieforienteering/santos2018/dsj1000-thop/dsj1000_03_usw_05_02.thop,thieforienteering,santos2018,santos2018,1000,3,3000,300,848749,
thieforienteering/santos2018/dsj1000-thop/dsj1000_03_usw_05_03.thop,thieforienteering,santos2018,santos2018,1000,3,3000,300,977405,
thieforienteering/santos2018/dsj1000-thop/dsj1000_03_usw_10_01.thop,thieforienteering,santos2018,santos2018,1000,3,3000,300,825093,
thieforienteering/santos2018/dsj1000-thop/dsj1000_03_usw_10_02.thop,thieforienteering,santos2018,santos2018,1000,3,3000,300,1046029,
thieforienteering/santos2018/dsj1000-thop/dsj1000_03_usw_10_03.thop,thieforienteering,santos2018,santos2018,1000,3,3000,300,1306548,
thieforienteering/santos2018/dsj1000-thop/dsj1000_05_bsc_01_01.thop,thieforienteering,santos2018,santos2018,1000,5,5000,500,540131,
thieforienteering/santos2018/dsj1000-thop/dsj1000_05_bsc_01_02.thop,thieforienteering,santos2018,santos2018,1000,5,5000,500,558324,
thieforienteering/santos2018/dsj1000-thop/dsj1000_05_bsc_01_03.thop,thieforienteering,santos2018,santos2018,1000,5,5000,500,614150,
thieforienteering/santos2018/dsj1000-thop/dsj1000_05_bsc_05_01.thop,thieforienteering,santos2018,santos2018,1000,5,5000,500,2157964,
thieforienteering/santos2018/dsj1000-thop/dsj1000_05_bsc_05_02.thop,thieforienteering,santos2018,santos2018,1000,5,5000,500,2545434,
thieforienteering/santos2018/dsj1000-thop/dsj1000_05_bsc_05_03.thop,thieforienteering,santos2018,santos2018,1000,5,5000,500,2629866,
thieforienteering/santos2018/dsj1000-thop/dsj1000_05_bsc_10_01.thop,thieforienteering,santos2018,santos2018,1000,5,5000,500,2911250,
thieforienteering/santos2018/dsj1000-thop/dsj1000_05_bsc_10_02.thop,thieforienteering,santos2018,santos2018,1000,5,5000,500,3667694,
thieforienteering/santos2018/dsj1000-thop/dsj1000_05_bsc_10_03.thop,thieforienteering,santos2018,santos2018,1000,5,5000,500,4296871,
thieforienteering/santos2018/dsj1000-thop/dsj1000_05_unc_01_01.thop,thieforienteering,santos2018,santos2018,1000,5,5000,500,392680,
thieforienteering/santos2018/dsj1000-thop/dsj1000_05_unc_01_02.thop,thieforienteering,santos2018,santos2018,1000,5,5000,500,575058,
thieforienteering/santos2018/dsj1000-thop/dsj1000_05_unc_01_03.thop,thieforienteering,santos2018,santos2018,1000,5,5000,500,727333,
thieforienteering/santos2018/dsj1000-thop/dsj1000_05_unc_05_01.thop,thieforienteering,santos2018,santos2018,1000,5,5000,500,978147,
thieforienteering/santos2018/dsj1000-thop/dsj1000_05_unc_05_02.thop,thieforienteering,santos2018,santos2018,1000,5,5000,500,1226711,
thieforienteering/santos2018/dsj1000-thop/dsj1000_05_unc_05_03.thop,thieforienteering,santos2018,santos2018,1000,5,5000,500,1569303,
thieforienteering/santos2018/dsj1000-thop/dsj1000_05_unc_10_01.thop,thieforienteering,santos2018,santos2018,1000,5,5000,500,1252547,
thieforienteering/santos2018/dsj1000-thop/dsj1000_05_unc_10_02.thop,thieforienteering,santos2018,santos2018,1000,5,5000,500,1584567,
thieforienteering/santos2018/dsj1000-thop/dsj1000_05_unc_10_03.thop,thieforienteering,santos2018,santos2018,1000,5,5000,500,2143256,
thieforienteering/santos2018/dsj1000-thop/dsj1000_05_usw_01_01.thop,thieforienteering,santos2018,santos2018,1000,5,5000,500,331650,
thieforienteering/santos2018/dsj1000-thop/dsj1000_05_usw_01_02.thop,thieforienteering,santos2018,santos2018,1000,5,5000,500,368336,
thieforienteering/santos2018/dsj1000-thop/dsj1000_05_usw_01_03.thop,thieforienteering,santos2018,santos2018,1000,5,5000,500,387287,
thieforienteering/santos2018/dsj1000-thop/dsj1000_05_usw_05_01.thop,thieforienteering,santos2018,santos2018,1000,5,5000,500,1118832,
thieforienteering/santos2018/dsj1000-thop/dsj1000_05_usw_05_02.thop,thieforienteering,santos2018,santos2018,1000,5,5000,500,1322974,
thieforienteering/santos2018/dsj1000-thop/dsj1000_05_usw_05_03.thop,thieforienteering,santos2018,santos2018,1000,5,5000,500,1513124,
thieforienteering/santos2018/dsj1000-thop/dsj1000_05_usw_10_01.thop,thieforienteering,santos2018,santos2018,1000,5,5000,500,1391947,
thieforienteering/santos2018/dsj1000-thop/dsj1000_05_usw_10_02.thop,thieforienteering,santos2018,santos2018,1000,5,5000,500,1749840,
thieforienteering/santos2018/dsj1000-thop/dsj1000_05_usw_10_03.thop,thieforienteering,santos2018,santos2018,1000,5,5000,500,2196922,
thieforienteering/santos2018/dsj1000-thop/dsj1000_10_bsc_01_01.thop,thieforienteering,santos2018,santos2018,1000,10,10000,1000,1098410,
thieforienteering/santos2018/dsj1000-thop/dsj1000_10_bsc_01_02.thop,thieforienteering,santos2018,santos2018,1000,10,10000,1000,1253790,
thieforienteering/santos2018/dsj1000-thop/dsj1000_10_bsc_01_03.thop,thieforienteering,santos2018,santos2018,1000,10,10000,1000,1379484,
thieforienteering/santos2018/dsj1000-thop/dsj1000_10_bsc_05_01.thop,thieforienteering,santos2018,santos2018,1000,10,10000,1000,4814808,
thieforienteering/santos2018/dsj1000-thop/dsj1000_10_bsc_05_02.thop,thieforienteering,santos2018,santos2018,1000,10,10000,1000,5195361,
thieforienteering/santos2018/dsj1000-thop/dsj1000_10_bsc_05_03.thop,thieforienteering,santos2018,santos2018,1000,10,10000,1000,5522228,
thieforienteering/santos2018/dsj1000-thop/dsj1000_10_bsc_10_01.thop,thieforienteering,santos2018,santos2018,1000,10,10000,1000,5887369,
thieforienteering/santos2018/dsj1000-thop/dsj1000_10_bsc_10_02.thop,thieforienteering,santos2018,santos2018,1000,10,10000,1000,7388698,
thieforienteering/santos2018/dsj1000-thop/dsj1000_10_bsc_10_03.thop,thieforienteering,santos2018,santos2018,1000,10,10000,1000,8620352,
thieforienteering/santos2018/dsj1000-thop/dsj1000_10_unc_01_01.thop,thieforienteering,santos2018,santos2018,1000,10,10000,1000,846795,
thieforienteering/santos2018/dsj1000-thop/dsj1000_10_unc_01_02.thop,thieforienteering,santos2018,santos2018,1000,10,10000,1000,1334873,
thieforienteering/santos2018/dsj1000-thop/dsj1000_10_unc_01_03.thop,thieforienteering,santos2018,santos2018,1000,10,10000,1000,1594009,
thieforienteering/santos2018/dsj1000-thop/dsj1000_10_unc_05_01.thop,thieforienteering,santos2018,santos2018,1000,10,10000,1000,2068183,
thieforienteering/santos2018/dsj1000-thop/dsj1000_10_unc_05_02.thop,thieforienteering,santos2018,santos2018,1000,10,10000,1000,2493537,
thieforienteering/santos2018/dsj1000-thop/dsj1000_10_unc_05_03.thop,thieforienteering,santos2018,santos2018,1000,10,10000,1000,3307927,
thieforienteering/santos2018/dsj1000-thop/dsj1000_10_unc_10_01.thop,thieforienteering,santos2018,santos2018,1000,10,10000,1000,2472383,
thieforienteering/santos2018/dsj1000-thop/dsj1000_10_unc_10_02.thop,thieforienteering,santos2018,santos2018,1000,10,10000,1000,3197356,
thieforienteering/santos2018/dsj1000-thop/dsj1000_10_unc_10_03.thop,thieforienteering,santos2018,santos2018,1000,10,10000,1000,4314088,
thieforienteering/santos2018/dsj1000-thop/dsj1000_10_usw_01_01.thop,thieforienteering,santos2018,santos2018,1000,10,10000,1000,725010,
thieforienteering/santos2018/dsj1000-thop/dsj1000_10_usw_01_02.thop,thieforienteering,santos2018,santos2018,1000,10,10000,1000,775267,
thieforienteering/santos2018/dsj1000-thop/dsj1000_10_usw_01_03.thop,thieforienteering,santos2018,santos2018,1000,10,10000,1000,806218,
thieforienteering/santos2018/dsj1000-thop/dsj1000_10_usw_05_01.thop,thieforienteering,santos2018,santos2018,1000,10,10000,1000,2233257,
thieforienteering/santos2018/dsj1000-thop/dsj1000_10_usw_05_02.thop,thieforienteering,santos2018,santos2018,1000,10,10000,1000,2662022,
thieforienteering/santos2018/dsj1000-thop/dsj1000_10_usw_05_03.thop,thieforienteering,santos2018,santos2018,1000,10,10000,1000,3034688,
thieforienteering/santos2018/dsj1000-thop/dsj1000_10_usw_10_01.thop,thieforienteering,santos2018,santos2018,1000,10,10000,1000,2830473,
thieforienteering/santos2018/dsj1000-thop/dsj1000_10_usw_10_02.thop,thieforienteering,santos2018,santos2018,1000,10,10000,1000,3518756,
thieforienteering/santos2018/dsj1000-thop/dsj1000_10_usw_10_03.thop,thieforienteering,santos2018,santos2018,1000,10,10000,1000,4489476,
